client,Dealer_Code,Outlet_Name,Channel,Zone,Region,FB_Page_ID,IG_User_ID,Dealer_Status,Media_ID,Post_Date,Post_Period,Post_URL,Shortcode,Username,Media_Type,Media_Product_Type,Media_Kind,Carousel_Children,Media_Kind_Label,Is_Deleted,Deleted_Date,Is_Expired,Is_Socionix_Post,Workflow_Status,Publisher_Role,Published_By,IG_Publish_Confirmed,Container_Not_Published,Has_Insights,Views,Reach,Likes,Comments,Saves,Shares,Total_Interactions,Engagements,Profile_Visits,Follows,Profile_Activity,Profile_Activity_Bio_Link_Clicked,Profile_Activity_Call,Profile_Activity_Direction,Profile_Activity_Text,Reel_Avg_Watch_Time_Sec,Reel_Total_Watch_Time_Sec,Reel_Reposts,Reel_Skip_Rate,Story_Replies,Story_Navigation,Story_Tap_Forward,Story_Tap_Back,Story_Tap_Exit,Story_Swipe_Forward,Insights_Last_Updated
bajaj,12162,KTM Husqvarna Andheri East,ktm,West,MAHARASHTRA,748841775232461,17841408107333098,Active,18109346740839641,2026-08-10,August 2026,https://www.instagram.com/p/Db25MJ6krVb/,Db25MJ6krVb,ktm_husqvarna_andheri,IMAGE,FEED,image,,image,,,False,False,,,,False,False,True,850,479,11,0,0,5,16,16,2,0,0,,,,,,,,,,,,,,,2026-08-18
bajaj,12162,KTM Husqvarna Andheri East,ktm,West,MAHARASHTRA,748841775232461,17841408107333098,Active,18078967604320508,2026-08-09,August 2026,https://www.instagram.com/reel/Dbz6qzEMi9Z/,Dbz6qzEMi9Z,ktm_husqvarna_andheri,VIDEO,REELS,reel,,reel,,,False,False,,,,False,False,True,635,428,14,0,0,0,14,14,,,,,,,,3.66,1707.91,0,,,,,,,,2026-08-18
bajaj,12162,KTM Husqvarna Andheri East,ktm,West,MAHARASHTRA,748841775232461,17841408107333098,Active,18335194672267301,2026-08-07,August 2026,https://www.instagram.com/reel/DbtaQmBMw6j/,DbtaQmBMw6j,ktm_husqvarna_andheri,VIDEO,REELS,reel,,reel,,,False,False,,,,False,False,True,611,396,11,0,0,0,11,11,,,,,,,,2.84,1213.67,0,,,,,,,,2026-08-18
bajaj,12162,KTM Husqvarna Andheri East,ktm,West,MAHARASHTRA,748841775232461,17841408107333098,Active,18079208258705040,2026-08-05,August 2026,https://www.instagram.com/p/Dbpg1M3FtEx/,Dbpg1M3FtEx,ktm_husqvarna_andheri,IMAGE,FEED,image,,image,,,False,False,,,,False,False,True,890,408,11,0,0,0,11,11,7,0,0,,,,,,,,,,,,,,,2026-08-18
bajaj,12162,KTM Husqvarna Andheri East,ktm,West,MAHARASHTRA,748841775232461,17841408107333098,Active,17898560478484690,2026-08-04,August 2026,https://www.instagram.com/p/Dbm6jKDAO94/,Dbm6jKDAO94,ktm_husqvarna_andheri,IMAGE,FEED,image,,image,,,False,False,,,,False,False,True,561,285,8,0,0,0,8,8,0,0,0,,,,,,,,,,,,,,,2026-08-18
bajaj,12162,KTM Husqvarna Andheri East,ktm,West,MAHARASHTRA,748841775232461,17841408107333098,Active,18097702241621024,2026-08-02,August 2026,https://www.instagram.com/reel/Dbh3B8rjNOb/,Dbh3B8rjNOb,ktm_husqvarna_andheri,VIDEO,REELS,reel,,reel,,,False,False,,,,False,False,True,489,347,9,0,0,0,9,9,,,,,,,,3.48,1159.8,0,,,,,,,,2026-08-18
bajaj,12162,KTM Husqvarna Andheri East,ktm,West,MAHARASHTRA,748841775232461,17841408107333098,Active,18022441529852488,2026-07-31,July 2026,https://www.instagram.com/reel/DbdSomrEfh8/,DbdSomrEfh8,ktm_husqvarna_andheri,VIDEO,REELS,reel,,reel,,,False,False,,,,False,False,True,488,344,15,0,1,0,16,16,,,,,,,,4.37,1521.38,0,,,,,,,,2026-08-18
bajaj,12162,KTM Husqvarna Andheri East,ktm,West,MAHARASHTRA,748841775232461,17841408107333098,Active,18111132178954924,2026-07-29,July 2026,https://www.instagram.com/p/DbXbbexEVMN/,DbXbbexEVMN,ktm_husqvarna_andheri,IMAGE,FEED,image,,image,,,False,False,,,,False,False,True,471,258,7,0,0,0,7,7,0,1,0,,,,,,,,,,,,,,,2026-08-18
bajaj,12162,KTM Husqvarna Andheri East,ktm,West,MAHARASHTRA,748841775232461,17841408107333098,Active,17954517530999824,2026-07-27,July 2026,https://www.instagram.com/p/DbSLuD_l7Ny/,DbSLuD_l7Ny,ktm_husqvarna_andheri,IMAGE,FEED,image,,image,,,False,False,,,,False,False,True,432,222,9,0,0,0,9,9,1,0,0,,,,,,,,,,,,,,,2026-08-18
bajaj,12162,KTM Husqvarna Andheri East,ktm,West,MAHARASHTRA,748841775232461,17841408107333098,Active,17958362298178713,2026-07-26,July 2026,https://www.instagram.com/reel/DbPiAjFgINx/,DbPiAjFgINx,ktm_husqvarna_andheri,VIDEO,REELS,reel,,reel,,,False,False,,,,False,False,True,500,360,9,0,0,0,9,9,,,,,,,,3.35,1133.78,0,,,,,,,,2026-08-18
bajaj,12162,KTM Husqvarna Andheri East,ktm,West,MAHARASHTRA,748841775232461,17841408107333098,Active,18138509869569698,2026-07-24,July 2026,https://www.instagram.com/p/DbKquN3lg3g/,DbKquN3lg3g,ktm_husqvarna_andheri,IMAGE,FEED,image,,image,,,False,False,,,,False,False,True,366,193,5,0,0,0,5,5,1,0,0,,,,,,,,,,,,,,,2026-08-18
bajaj,12162,KTM Husqvarna Andheri East,ktm,West,MAHARASHTRA,748841775232461,17841408107333098,Active,18118528789858436,2026-07-24,July 2026,https://www.instagram.com/p/DbLHOCWFPOi/,DbLHOCWFPOi,ktm_husqvarna_andheri,IMAGE,FEED,image,,image,,,False,False,,,,False,False,True,447,231,10,0,0,0,10,10,1,0,0,,,,,,,,,,,,,,,2026-08-18
bajaj,12162,KTM Husqvarna Andheri East,ktm,West,MAHARASHTRA,748841775232461,17841408107333098,Active,17869501947572837,2026-07-23,July 2026,https://www.instagram.com/p/DbId9bAAGbV/,DbId9bAAGbV,ktm_husqvarna_andheri,IMAGE,FEED,image,,image,,,False,False,,,,False,False,True,495,256,5,0,0,0,5,5,0,0,0,,,,,,,,,,,,,,,2026-08-18
bajaj,12162,KTM Husqvarna Andheri East,ktm,West,MAHARASHTRA,748841775232461,17841408107333098,Active,17897872797542923,2026-07-22,July 2026,https://www.instagram.com/p/DbFaYcMAD6s/,DbFaYcMAD6s,ktm_husqvarna_andheri,IMAGE,FEED,image,,image,,,False,False,,,,False,False,True,346,185,2,0,0,1,3,3,1,0,0,,,,,,,,,,,,,,,2026-08-18
bajaj,12162,KTM Husqvarna Andheri East,ktm,West,MAHARASHTRA,748841775232461,17841408107333098,Active,17970924188919613,2026-07-22,July 2026,https://www.instagram.com/reel/DbGeBHfsLo5/,DbGeBHfsLo5,ktm_husqvarna_andheri,VIDEO,REELS,reel,,reel,,,False,False,,,,False,False,True,2771,1675,68,0,5,4,79,77,,,,,,,,4.54,7865.79,2,,,,,,,,2026-08-18
bajaj,12162,KTM Husqvarna Andheri East,ktm,West,MAHARASHTRA,748841775232461,17841408107333098,Active,17973714372073760,2026-07-21,July 2026,https://www.instagram.com/p/DbC86TBEg3A/,DbC86TBEg3A,ktm_husqvarna_andheri,IMAGE,FEED,image,,image,,,False,False,,,,False,False,True,410,211,10,0,0,0,10,10,0,0,0,,,,,,,,,,,,,,,2026-08-18
bajaj,12162,KTM Husqvarna Andheri East,ktm,West,MAHARASHTRA,748841775232461,17841408107333098,Active,18116700949915503,2026-07-20,July 2026,https://www.instagram.com/p/DbAb5SKgLe1/,DbAb5SKgLe1,ktm_husqvarna_andheri,IMAGE,FEED,image,,image,,,False,False,,,,False,False,True,465,202,12,0,0,0,12,12,2,0,0,,,,,,,,,,,,,,,2026-08-18
bajaj,12162,KTM Husqvarna Andheri East,ktm,West,MAHARASHTRA,748841775232461,17841408107333098,Active,17954983443193623,2026-07-20,July 2026,https://www.instagram.com/p/DbAwYORAEuq/,DbAwYORAEuq,ktm_husqvarna_andheri,IMAGE,FEED,image,,image,,,False,False,,,,False,False,True,428,182,3,0,0,0,3,3,3,0,0,,,,,,,,,,,,,,,2026-08-18
bajaj,12162,KTM Husqvarna Andheri East,ktm,West,MAHARASHTRA,748841775232461,17841408107333098,Active,18361045693212492,2026-07-20,July 2026,https://www.instagram.com/reel/DbAn18Dp2T9/,DbAn18Dp2T9,ktm_husqvarna_andheri,VIDEO,REELS,reel,,reel,,,False,False,,,,False,False,True,1351,963,61,0,2,5,70,68,,,,,,,,10.63,10537.47,2,,,,,,,,2026-08-18
bajaj,12162,KTM Husqvarna Andheri East,ktm,West,MAHARASHTRA,748841775232461,17841408107333098,Active,17883568410457565,2026-07-17,July 2026,https://www.instagram.com/p/Da4jNXREjdn/,Da4jNXREjdn,ktm_husqvarna_andheri,IMAGE,FEED,image,,image,,,False,False,,,,False,False,True,435,194,7,0,0,0,7,7,0,0,0,,,,,,,,,,,,,,,2026-08-18
bajaj,12162,KTM Husqvarna Andheri East,ktm,West,MAHARASHTRA,748841775232461,17841408107333098,Active,18142922002557740,2026-07-16,July 2026,https://www.instagram.com/p/Da1wy6LoNRf/,Da1wy6LoNRf,ktm_husqvarna_andheri,IMAGE,FEED,image,,image,,,False,False,,,,False,False,True,348,185,4,0,0,0,4,4,1,0,0,,,,,,,,,,,,,,,2026-08-18
bajaj,12162,KTM Husqvarna Andheri East,ktm,West,MAHARASHTRA,748841775232461,17841408107333098,Active,18082305101229946,2026-07-16,July 2026,https://www.instagram.com/p/Da17qvwkqFB/,Da17qvwkqFB,ktm_husqvarna_andheri,IMAGE,FEED,image,,image,,,False,False,,,,False,False,True,351,169,6,0,0,0,6,6,1,0,0,,,,,,,,,,,,,,,2026-08-18
bajaj,12162,KTM Husqvarna Andheri East,ktm,West,MAHARASHTRA,748841775232461,17841408107333098,Active,17897105217354337,2026-07-16,July 2026,https://www.instagram.com/p/Da2URemAKpX/,Da2URemAKpX,ktm_husqvarna_andheri,IMAGE,FEED,image,,image,,,False,False,,,,False,False,True,497,236,6,0,0,0,6,6,0,0,0,,,,,,,,,,,,,,,2026-08-18
bajaj,12162,KTM Husqvarna Andheri East,ktm,West,MAHARASHTRA,748841775232461,17841408107333098,Active,18036887645684295,2026-07-16,July 2026,https://www.instagram.com/reel/Da2Fybysa8B/,Da2Fybysa8B,ktm_husqvarna_andheri,VIDEO,REELS,reel,,reel,,,False,False,,,,False,False,True,1836,1061,29,0,0,11,40,40,,,,,,,,3.91,4670.2,0,,,,,,,,2026-08-18
bajaj,12162,KTM Husqvarna Andheri East,ktm,West,MAHARASHTRA,748841775232461,17841408107333098,Active,18090790868311695,2026-07-16,July 2026,https://www.instagram.com/reel/Da2LjCusKJp/,Da2LjCusKJp,ktm_husqvarna_andheri,VIDEO,REELS,reel,,reel,,,False,False,,,,False,False,True,3343,1988,183,0,6,17,211,206,,,,,,,,14.75,32605.55,5,,,,,,,,2026-08-18
bajaj,12162,KTM Husqvarna Andheri East,ktm,West,MAHARASHTRA,748841775232461,17841408107333098,Active,18108843703791460,2026-07-15,July 2026,https://www.instagram.com/p/Da0FcyEgPk-/,Da0FcyEgPk-,ktm_husqvarna_andheri,IMAGE,FEED,image,,image,,,False,False,,,,False,False,True,392,196,6,0,0,0,6,6,2,0,0,,,,,,,,,,,,,,,2026-08-18
bajaj,12162,KTM Husqvarna Andheri East,ktm,West,MAHARASHTRA,748841775232461,17841408107333098,Active,17935510878316043,2026-07-14,July 2026,https://www.instagram.com/p/Daw3dGllgk4/,Daw3dGllgk4,ktm_husqvarna_andheri,IMAGE,FEED,image,,image,,,False,True,published,agency_user,admin,True,False,True,425,211,9,0,0,0,9,9,0,0,0,,,,,,,,,,,,,,,2026-08-18
bajaj,12162,KTM Husqvarna Andheri East,ktm,West,MAHARASHTRA,748841775232461,17841408107333098,Active,17890072659393933,2026-07-13,July 2026,https://www.instagram.com/p/Dauz2XVAIeF/,Dauz2XVAIeF,ktm_husqvarna_andheri,IMAGE,FEED,image,,image,,,False,True,published,agency_user,admin,True,False,True,331,172,9,0,0,0,9,9,0,0,0,,,,,,,,,,,,,,,2026-08-18
bajaj,12162,KTM Husqvarna Andheri East,ktm,West,MAHARASHTRA,748841775232461,17841408107333098,Active,18607623187033475,2026-07-13,July 2026,https://www.instagram.com/p/DauRD1XABnI/,DauRD1XABnI,ktm_husqvarna_andheri,IMAGE,FEED,image,,image,,,False,True,published,agency_user,admin,True,False,True,365,174,2,0,0,0,2,2,0,0,0,,,,,,,,,,,,,,,2026-08-18
bajaj,12162,KTM Husqvarna Andheri East,ktm,West,MAHARASHTRA,748841775232461,17841408107333098,Active,18099104552220172,2026-07-10,July 2026,https://www.instagram.com/p/Dame5xoAGyF/,Dame5xoAGyF,ktm_husqvarna_andheri,IMAGE,FEED,image,,image,,,False,True,published,agency_user,admin,True,False,True,405,215,6,0,0,0,6,6,1,0,0,,,,,,,,,,,,,,,2026-08-18
bajaj,12162,KTM Husqvarna Andheri East,ktm,West,MAHARASHTRA,748841775232461,17841408107333098,Active,18043598402798440,2026-07-10,July 2026,https://www.instagram.com/reel/DancGgXs9g8/,DancGgXs9g8,ktm_husqvarna_andheri,VIDEO,REELS,reel,,reel,,,False,False,,,,False,False,True,1298,638,45,0,1,0,46,46,,,,,,,,4.55,3492.97,0,,,,,,,,2026-08-18
bajaj,12162,KTM Husqvarna Andheri East,ktm,West,MAHARASHTRA,748841775232461,17841408107333098,Active,18380537137200360,2026-07-07,July 2026,https://www.instagram.com/p/DafBOKHAKDO/,DafBOKHAKDO,ktm_husqvarna_andheri,IMAGE,FEED,image,,image,,,False,True,published,agency_user,admin,True,False,True,408,219,5,0,0,0,5,5,0,0,0,,,,,,,,,,,,,,,2026-08-18
bajaj,12162,KTM Husqvarna Andheri East,ktm,West,MAHARASHTRA,748841775232461,17841408107333098,Active,18347492962169087,2026-07-03,July 2026,https://www.instagram.com/reel/DaVFbENMBJV/,DaVFbENMBJV,ktm_husqvarna_andheri,VIDEO,REELS,reel,,reel,,,False,False,,,,False,False,True,2663,1760,77,0,1,16,101,94,,,,,,,,8.89,17337.81,7,,,,,,,,2026-08-18
bajaj,12162,KTM Husqvarna Andheri East,ktm,West,MAHARASHTRA,748841775232461,17841408107333098,Active,18107603117065719,2026-07-02,July 2026,https://www.instagram.com/reel/DaTHl-uM1Hh/,DaTHl-uM1Hh,ktm_husqvarna_andheri,VIDEO,REELS,reel,,reel,,,False,False,,,,False,False,True,899,551,23,0,0,0,23,23,,,,,,,,5.18,3280.38,0,,,,,,,,2026-08-18
bajaj,12162,KTM Husqvarna Andheri East,ktm,West,MAHARASHTRA,748841775232461,17841408107333098,Active,18322406758286650,2026-06-30,June 2026,https://www.instagram.com/p/DaNFCeAFvQf/,DaNFCeAFvQf,ktm_husqvarna_andheri,IMAGE,FEED,image,,image,,,False,True,published,agency_user,admin,True,False,True,356,209,10,0,1,0,11,11,0,0,0,,,,,,,,,,,,,,,2026-08-18
bajaj,12162,KTM Husqvarna Andheri East,ktm,West,MAHARASHTRA,748841775232461,17841408107333098,Active,18067715627425959,2026-06-30,June 2026,https://www.instagram.com/p/DaNRDcbGL15/,DaNRDcbGL15,ktm_husqvarna_andheri,IMAGE,FEED,image,,image,,,False,True,published,agency_user,admin,True,False,True,357,207,3,0,1,0,4,4,0,0,0,,,,,,,,,,,,,,,2026-08-18
bajaj,12162,KTM Husqvarna Andheri East,ktm,West,MAHARASHTRA,748841775232461,17841408107333098,Active,17949825168199831,2026-06-30,June 2026,https://www.instagram.com/p/DaM8VmVljX5/,DaM8VmVljX5,ktm_husqvarna_andheri,IMAGE,FEED,image,,image,,,False,True,published,agency_user,admin,True,False,True,347,190,6,0,1,0,7,7,0,0,0,,,,,,,,,,,,,,,2026-08-18
bajaj,12162,KTM Husqvarna Andheri East,ktm,West,MAHARASHTRA,748841775232461,17841408107333098,Active,18088662029564010,2026-06-30,June 2026,https://www.instagram.com/p/DaMtOtmgOIM/,DaMtOtmgOIM,ktm_husqvarna_andheri,IMAGE,FEED,image,,image,,,False,True,published,agency_user,admin,True,False,True,333,174,4,0,0,0,4,4,0,0,0,,,,,,,,,,,,,,,2026-08-18
bajaj,12162,KTM Husqvarna Andheri East,ktm,West,MAHARASHTRA,748841775232461,17841408107333098,Active,18084612590387996,2026-06-30,June 2026,https://www.instagram.com/p/DaNjl1ZGPbX/,DaNjl1ZGPbX,ktm_husqvarna_andheri,IMAGE,FEED,image,,image,,,False,True,published,agency_user,admin,True,False,True,371,204,4,0,0,0,4,4,1,0,0,,,,,,,,,,,,,,,2026-08-18
bajaj,12162,KTM Husqvarna Andheri East,ktm,West,MAHARASHTRA,748841775232461,17841408107333098,Active,18109384463295836,2026-06-26,June 2026,https://www.instagram.com/p/DaCmEXBlqKP/,DaCmEXBlqKP,ktm_husqvarna_andheri,IMAGE,FEED,image,,image,,,False,True,published,agency_user,admin,True,False,True,752,396,20,0,3,1,24,24,0,0,0,,,,,,,,,,,,,,,2026-08-18
bajaj,12162,KTM Husqvarna Andheri East,ktm,West,MAHARASHTRA,748841775232461,17841408107333098,Active,18121550515783224,2026-06-24,June 2026,https://www.instagram.com/p/DZ9sYp8ljAB/,DZ9sYp8ljAB,ktm_husqvarna_andheri,IMAGE,FEED,image,,image,,,False,True,published,agency_user,admin,True,False,True,444,224,7,0,1,0,9,8,0,0,0,,,,,,,,,,,,,,,2026-08-18
bajaj,12162,KTM Husqvarna Andheri East,ktm,West,MAHARASHTRA,748841775232461,17841408107333098,Active,18343305874174567,2026-06-23,June 2026,https://www.instagram.com/p/DZ6ok4YgPSR/,DZ6ok4YgPSR,ktm_husqvarna_andheri,IMAGE,FEED,image,,image,,,False,True,published,agency_user,admin,True,False,True,300,162,4,0,0,0,4,4,0,0,0,,,,,,,,,,,,,,,2026-08-18
bajaj,12162,KTM Husqvarna Andheri East,ktm,West,MAHARASHTRA,748841775232461,17841408107333098,Active,18129369676621752,2026-06-22,June 2026,https://www.instagram.com/p/DZ404H7gAp-/,DZ404H7gAp-,ktm_husqvarna_andheri,IMAGE,FEED,image,,image,,,False,True,published,agency_user,admin,True,False,True,304,183,5,0,0,0,5,5,1,0,0,,,,,,,,,,,,,,,2026-08-18
bajaj,12162,KTM Husqvarna Andheri East,ktm,West,MAHARASHTRA,748841775232461,17841408107333098,Active,18467558467111331,2026-06-21,June 2026,https://www.instagram.com/reel/DZ2J2vWir2c/,DZ2J2vWir2c,ktm_husqvarna_andheri,VIDEO,REELS,reel,,reel,,,False,False,,,,False,False,True,740,564,13,0,0,4,17,17,,,,,,,,4.84,2863.69,0,,,,,,,,2026-08-18
bajaj,12162,KTM Husqvarna Andheri East,ktm,West,MAHARASHTRA,748841775232461,17841408107333098,Active,18102188432155966,2026-06-21,June 2026,https://www.instagram.com/reel/DZ2Jl3pE0iy/,DZ2Jl3pE0iy,ktm_husqvarna_andheri,VIDEO,REELS,reel,,reel,,,False,False,,,,False,False,True,422,326,10,0,1,0,11,11,,,,,,,,3.59,1181.53,0,,,,,,,,2026-08-18
bajaj,12162,KTM Husqvarna Andheri East,ktm,West,MAHARASHTRA,748841775232461,17841408107333098,Active,18107035045973392,2026-06-21,June 2026,https://www.instagram.com/p/DZ1gXIJgOw9/,DZ1gXIJgOw9,ktm_husqvarna_andheri,IMAGE,FEED,image,,image,,,False,True,published,agency_user,admin,True,False,True,309,182,6,0,0,0,7,6,0,0,0,,,,,,,,,,,,,,,2026-08-18
bajaj,12162,KTM Husqvarna Andheri East,ktm,West,MAHARASHTRA,748841775232461,17841408107333098,Active,18111750095296587,2026-06-21,June 2026,https://www.instagram.com/reel/DZ2eVAHsX2x/,DZ2eVAHsX2x,ktm_husqvarna_andheri,VIDEO,REELS,reel,,reel,,,False,False,,,,False,False,True,1782,1041,114,0,3,5,125,122,,,,,,,,10.46,12014.01,3,,,,,,,,2026-08-18
bajaj,12162,KTM Husqvarna Andheri East,ktm,West,MAHARASHTRA,748841775232461,17841408107333098,Active,18535550740076323,2026-06-17,June 2026,https://www.instagram.com/p/DZrYZSDFlEl/,DZrYZSDFlEl,ktm_husqvarna_andheri,IMAGE,FEED,image,,image,,,False,True,published,agency_user,admin,True,False,True,386,223,11,0,0,0,11,11,0,0,0,,,,,,,,,,,,,,,2026-08-18
bajaj,12162,KTM Husqvarna Andheri East,ktm,West,MAHARASHTRA,748841775232461,17841408107333098,Active,18200024305362249,2026-06-17,June 2026,https://www.instagram.com/reel/DZrKT--s55-/,DZrKT--s55-,ktm_husqvarna_andheri,VIDEO,REELS,reel,,reel,,,False,False,,,,False,False,True,892,592,37,0,0,3,41,40,,,,,,,,8.14,5477.68,1,,,,,,,,2026-08-18
bajaj,12162,KTM Husqvarna Andheri East,ktm,West,MAHARASHTRA,748841775232461,17841408107333098,Active,18076773611673061,2026-06-17,June 2026,https://www.instagram.com/reel/DZrBcqdsmsv/,DZrBcqdsmsv,ktm_husqvarna_andheri,VIDEO,REELS,reel,,reel,,,False,False,,,,False,False,True,847,548,30,0,3,0,33,33,,,,,,,,6.87,4137.18,0,,,,,,,,2026-08-18
bajaj,12162,KTM Husqvarna Andheri East,ktm,West,MAHARASHTRA,748841775232461,17841408107333098,Active,18099270425151573,2026-06-16,June 2026,https://www.instagram.com/p/DZo7S2AGF1M/,DZo7S2AGF1M,ktm_husqvarna_andheri,IMAGE,FEED,image,,image,,,False,True,published,agency_user,admin,True,False,True,305,168,9,0,0,0,9,9,0,0,0,,,,,,,,,,,,,,,2026-08-18
bajaj,12162,KTM Husqvarna Andheri East,ktm,West,MAHARASHTRA,748841775232461,17841408107333098,Active,18590576644060846,2026-06-15,June 2026,https://www.instagram.com/reel/DZmyRHQsRCP/,DZmyRHQsRCP,ktm_husqvarna_andheri,VIDEO,REELS,reel,,reel,,,False,False,,,,False,False,True,732,433,9,0,0,0,9,9,,,,,,,,3.49,1631.66,0,,,,,,,,2026-08-18
bajaj,12162,KTM Husqvarna Andheri East,ktm,West,MAHARASHTRA,748841775232461,17841408107333098,Active,18103800887046349,2026-06-15,June 2026,https://www.instagram.com/p/DZmE3gWFrOa/,DZmE3gWFrOa,ktm_husqvarna_andheri,IMAGE,FEED,image,,image,,,False,True,published,agency_user,admin,True,False,True,351,188,7,0,0,0,7,7,1,0,0,,,,,,,,,,,,,,,2026-08-18
bajaj,12162,KTM Husqvarna Andheri East,ktm,West,MAHARASHTRA,748841775232461,17841408107333098,Active,18106537723792665,2026-06-15,June 2026,https://www.instagram.com/reel/DZm12mcsChg/,DZm12mcsChg,ktm_husqvarna_andheri,VIDEO,REELS,reel,,reel,,,False,False,,,,False,False,True,977,512,16,0,2,3,21,21,,,,,,,,4.24,2459.82,0,,,,,,,,2026-08-18
bajaj,12162,KTM Husqvarna Andheri East,ktm,West,MAHARASHTRA,748841775232461,17841408107333098,Active,17991439932000831,2026-06-11,June 2026,https://www.instagram.com/p/DZb3vKnnwL3/,DZb3vKnnwL3,ktm_husqvarna_andheri,IMAGE,FEED,image,,image,,,False,True,published,agency_user,admin,True,False,True,392,202,8,0,1,0,9,9,0,0,0,,,,,,,,,,,,,,,2026-08-18
bajaj,12162,KTM Husqvarna Andheri East,ktm,West,MAHARASHTRA,748841775232461,17841408107333098,Active,18094278428262531,2026-06-10,June 2026,https://www.instagram.com/p/DZZIwFLlsym/,DZZIwFLlsym,ktm_husqvarna_andheri,IMAGE,FEED,image,,image,,,False,True,published,agency_user,admin,True,False,True,436,239,7,0,0,0,7,7,0,0,0,,,,,,,,,,,,,,,2026-08-18
bajaj,12162,KTM Husqvarna Andheri East,ktm,West,MAHARASHTRA,748841775232461,17841408107333098,Active,17989789490812462,2026-06-09,June 2026,https://www.instagram.com/p/DZWn2iElqJr/,DZWn2iElqJr,ktm_husqvarna_andheri,IMAGE,FEED,image,,image,,,False,True,published,agency_user,admin,True,False,True,406,223,8,0,0,0,8,8,0,0,0,,,,,,,,,,,,,,,2026-08-18
bajaj,12162,KTM Husqvarna Andheri East,ktm,West,MAHARASHTRA,748841775232461,17841408107333098,Active,17971127537901189,2026-06-05,June 2026,https://www.instagram.com/p/DZMV7qPH_BD/,DZMV7qPH_BD,ktm_husqvarna_andheri,IMAGE,FEED,image,,image,,,False,True,published,agency_user,admin,True,False,True,407,224,5,0,0,0,5,5,1,0,0,,,,,,,,,,,,,,,2026-08-18
bajaj,12162,KTM Husqvarna Andheri East,ktm,West,MAHARASHTRA,748841775232461,17841408107333098,Active,18336024085301781,2026-06-04,June 2026,https://www.instagram.com/p/DZJsB-bFqnG/,DZJsB-bFqnG,ktm_husqvarna_andheri,CAROUSEL_ALBUM,FEED,carousel,3,carousel,,,False,True,published,agency_user,admin,True,False,True,840,326,12,0,0,0,13,12,1,1,0,,,,,,,,,,,,,,,2026-08-18
bajaj,12162,KTM Husqvarna Andheri East,ktm,West,MAHARASHTRA,748841775232461,17841408107333098,Active,18337765351220213,2026-06-03,June 2026,https://www.instagram.com/p/DZHX5kQlpZY/,DZHX5kQlpZY,ktm_husqvarna_andheri,IMAGE,FEED,image,,image,,,False,True,published,agency_user,admin,True,False,True,440,238,10,0,0,0,10,10,2,0,0,,,,,,,,,,,,,,,2026-08-18
bajaj,12162,KTM Husqvarna Andheri East,ktm,West,MAHARASHTRA,748841775232461,17841408107333098,Active,18100657154012236,2026-06-02,June 2026,https://www.instagram.com/reel/DZFrFIfsYRD/,DZFrFIfsYRD,ktm_husqvarna_andheri,VIDEO,REELS,reel,,reel,,,False,False,,,,False,False,True,2488,1068,27,1,1,14,43,43,,,,,,,,4.24,6599.9,0,,,,,,,,2026-08-18
